<?xml version="1.0" encoding="UTF-8"?>
<project-private xmlns="http://www.netbeans.org/ns/project-private/1">
    <editor-bookmarks xmlns="http://www.netbeans.org/ns/editor-bookmarks/2" lastBookmarkId="0"/>
    <open-files xmlns="http://www.netbeans.org/ns/projectui-open-files/2">
        <group>
            <file>file:/home/sascha/Embedded_Systems/Home_Automation/pse_42594_17-18_g1/pic_programming/CKCommon/ConfigBits/config_bits.h</file>
            <file>file:/home/sascha/Embedded_Systems/Home_Automation/pse_42594_17-18_g1/pic_programming/CKCommon/UART/uart.h</file>
            <file>file:/home/sascha/Embedded_Systems/Home_Automation/pse_42594_17-18_g1/pic_programming/FinalProject.X/main.c</file>
        </group>
    </open-files>
</project-private>
