<?xml version="1.0" encoding="UTF-8"?>
<configurationDescriptor version="62">
  <logicalFolder name="root" displayName="root" projectFiles="true">
    <logicalFolder name="HeaderFiles"
                   displayName="Header Files"
                   projectFiles="true">
      <logicalFolder name="Communication.X"
                     displayName="Communication.X"
                     projectFiles="true">
        <logicalFolder name="cmake-build-debug"
                       displayName="cmake-build-debug"
                       projectFiles="true">
          <logicalFolder name="CMakeFiles" displayName="CMakeFiles" projectFiles="true">
            <logicalFolder name="3.8.2" displayName="3.8.2" projectFiles="true">
              <logicalFolder name="CompilerIdC" displayName="CompilerIdC" projectFiles="true">
                <logicalFolder name="tmp" displayName="tmp" projectFiles="true">
                </logicalFolder>
              </logicalFolder>
              <logicalFolder name="CompilerIdCXX"
                             displayName="CompilerIdCXX"
                             projectFiles="true">
                <logicalFolder name="tmp" displayName="tmp" projectFiles="true">
                </logicalFolder>
              </logicalFolder>
            </logicalFolder>
            <logicalFolder name="CMakeTmp" displayName="CMakeTmp" projectFiles="true">
            </logicalFolder>
            <logicalFolder name="communication.dir"
                           displayName="communication.dir"
                           projectFiles="true">
            </logicalFolder>
          </logicalFolder>
        </logicalFolder>
        <logicalFolder name="debug" displayName="debug" projectFiles="true">
          <logicalFolder name="default" displayName="default" projectFiles="true">
          </logicalFolder>
        </logicalFolder>
        <logicalFolder name="dist" displayName="dist" projectFiles="true">
          <logicalFolder name="default" displayName="default" projectFiles="true">
            <logicalFolder name="production" displayName="production" projectFiles="true">
            </logicalFolder>
          </logicalFolder>
        </logicalFolder>
        <itemPath>../Communication.X/message.h</itemPath>
        <itemPath>../Communication.X/send_receive_messages.h</itemPath>
      </logicalFolder>
      <logicalFolder name="Log_Handling.X"
                     displayName="Log_Handling.X"
                     projectFiles="true">
        <logicalFolder name="debug" displayName="debug" projectFiles="true">
          <logicalFolder name="default" displayName="default" projectFiles="true">
          </logicalFolder>
        </logicalFolder>
        <itemPath>../Log_Handling.X/log_functions.h</itemPath>
        <itemPath>../Log_Handling.X/log_stru.h</itemPath>
      </logicalFolder>
      <logicalFolder name="Sensor_Structure.X"
                     displayName="Sensor_Structure.X"
                     projectFiles="true">
        <logicalFolder name="debug" displayName="debug" projectFiles="true">
          <logicalFolder name="default" displayName="default" projectFiles="true">
          </logicalFolder>
        </logicalFolder>
        <logicalFolder name="dist" displayName="dist" projectFiles="true">
          <logicalFolder name="default" displayName="default" projectFiles="true">
            <logicalFolder name="production" displayName="production" projectFiles="true">
            </logicalFolder>
          </logicalFolder>
        </logicalFolder>
        <itemPath>../Sensor_Structure.X/update.h</itemPath>
        <itemPath>../Sensor_Structure.X/struct_lib.h</itemPath>
      </logicalFolder>
      <logicalFolder name="Statemachines.X"
                     displayName="Statemachines.X"
                     projectFiles="true">
        <logicalFolder name="cmake-build-debug"
                       displayName="cmake-build-debug"
                       projectFiles="true">
          <logicalFolder name="CMakeFiles" displayName="CMakeFiles" projectFiles="true">
            <logicalFolder name="3.8.2" displayName="3.8.2" projectFiles="true">
              <logicalFolder name="CompilerIdC" displayName="CompilerIdC" projectFiles="true">
                <logicalFolder name="tmp" displayName="tmp" projectFiles="true">
                </logicalFolder>
              </logicalFolder>
              <logicalFolder name="CompilerIdCXX"
                             displayName="CompilerIdCXX"
                             projectFiles="true">
                <logicalFolder name="tmp" displayName="tmp" projectFiles="true">
                </logicalFolder>
              </logicalFolder>
            </logicalFolder>
            <logicalFolder name="CMakeTmp" displayName="CMakeTmp" projectFiles="true">
            </logicalFolder>
            <logicalFolder name="Statemachines_X.dir"
                           displayName="Statemachines_X.dir"
                           projectFiles="true">
            </logicalFolder>
          </logicalFolder>
        </logicalFolder>
        <logicalFolder name="debug" displayName="debug" projectFiles="true">
          <logicalFolder name="default" displayName="default" projectFiles="true">
          </logicalFolder>
        </logicalFolder>
        <logicalFolder name="dist" displayName="dist" projectFiles="true">
          <logicalFolder name="default" displayName="default" projectFiles="true">
            <logicalFolder name="production" displayName="production" projectFiles="true">
            </logicalFolder>
          </logicalFolder>
        </logicalFolder>
        <itemPath>../Statemachines.X/statemachine_airtemp_control.h</itemPath>
        <itemPath>../Statemachines.X/statemachines.h</itemPath>
        <itemPath>../Statemachines.X/statemachine_airquality_control.h</itemPath>
        <itemPath>../Statemachines.X/statemachine_watertemp_control.h</itemPath>
        <itemPath>../Statemachines.X/statemachine_light_control.h</itemPath>
      </logicalFolder>
      <logicalFolder name="Timer_Clock.X"
                     displayName="Timer_Clock.X"
                     projectFiles="true">
        <logicalFolder name="debug" displayName="debug" projectFiles="true">
          <logicalFolder name="default" displayName="default" projectFiles="true">
          </logicalFolder>
        </logicalFolder>
        <logicalFolder name="dist" displayName="dist" projectFiles="true">
          <logicalFolder name="default" displayName="default" projectFiles="true">
            <logicalFolder name="production" displayName="production" projectFiles="true">
            </logicalFolder>
          </logicalFolder>
        </logicalFolder>
        <itemPath>../Timer_Clock.X/hallClock.h</itemPath>
        <itemPath>../Timer_Clock.X/timer_libs.h</itemPath>
      </logicalFolder>
      <itemPath>../CKCommon/ConfigBits/config_bits.h</itemPath>
      <itemPath>../CKCommon/UART/uart.h</itemPath>
    </logicalFolder>
    <logicalFolder name="LinkerScript"
                   displayName="Linker Files"
                   projectFiles="true">
    </logicalFolder>
    <logicalFolder name="SourceFiles"
                   displayName="Source Files"
                   projectFiles="true">
      <logicalFolder name="Communication.X"
                     displayName="Communication.X"
                     projectFiles="true">
        <logicalFolder name="cmake-build-debug"
                       displayName="cmake-build-debug"
                       projectFiles="true">
          <logicalFolder name="CMakeFiles" displayName="CMakeFiles" projectFiles="true">
            <logicalFolder name="3.8.2" displayName="3.8.2" projectFiles="true">
              <logicalFolder name="CompilerIdC" displayName="CompilerIdC" projectFiles="true">
                <logicalFolder name="tmp" displayName="tmp" projectFiles="true">
                </logicalFolder>
                <itemPath>../Communication.X/cmake-build-debug/CMakeFiles/3.8.2/CompilerIdC/CMakeCCompilerId.c</itemPath>
              </logicalFolder>
              <logicalFolder name="CompilerIdCXX"
                             displayName="CompilerIdCXX"
                             projectFiles="true">
                <logicalFolder name="tmp" displayName="tmp" projectFiles="true">
                </logicalFolder>
              </logicalFolder>
            </logicalFolder>
            <logicalFolder name="CMakeTmp" displayName="CMakeTmp" projectFiles="true">
            </logicalFolder>
            <logicalFolder name="communication.dir"
                           displayName="communication.dir"
                           projectFiles="true">
            </logicalFolder>
            <itemPath>../Communication.X/cmake-build-debug/CMakeFiles/feature_tests.c</itemPath>
          </logicalFolder>
        </logicalFolder>
        <logicalFolder name="debug" displayName="debug" projectFiles="true">
          <logicalFolder name="default" displayName="default" projectFiles="true">
          </logicalFolder>
        </logicalFolder>
        <logicalFolder name="dist" displayName="dist" projectFiles="true">
          <logicalFolder name="default" displayName="default" projectFiles="true">
            <logicalFolder name="production" displayName="production" projectFiles="true">
            </logicalFolder>
          </logicalFolder>
        </logicalFolder>
        <itemPath>../Communication.X/message.c</itemPath>
        <itemPath>../Communication.X/send_receive_messages.c</itemPath>
        <itemPath>../Communication.X/create_normal_message.c</itemPath>
      </logicalFolder>
      <logicalFolder name="Log_Handling.X"
                     displayName="Log_Handling.X"
                     projectFiles="true">
        <logicalFolder name="debug" displayName="debug" projectFiles="true">
          <logicalFolder name="default" displayName="default" projectFiles="true">
          </logicalFolder>
        </logicalFolder>
      </logicalFolder>
      <logicalFolder name="Statemachines.X"
                     displayName="Statemachines.X"
                     projectFiles="true">
        <logicalFolder name="cmake-build-debug"
                       displayName="cmake-build-debug"
                       projectFiles="true">
          <logicalFolder name="CMakeFiles" displayName="CMakeFiles" projectFiles="true">
            <logicalFolder name="3.8.2" displayName="3.8.2" projectFiles="true">
              <logicalFolder name="CompilerIdC" displayName="CompilerIdC" projectFiles="true">
                <logicalFolder name="tmp" displayName="tmp" projectFiles="true">
                </logicalFolder>
                <itemPath>../Statemachines.X/cmake-build-debug/CMakeFiles/3.8.2/CompilerIdC/CMakeCCompilerId.c</itemPath>
              </logicalFolder>
              <logicalFolder name="CompilerIdCXX"
                             displayName="CompilerIdCXX"
                             projectFiles="true">
                <logicalFolder name="tmp" displayName="tmp" projectFiles="true">
                </logicalFolder>
              </logicalFolder>
            </logicalFolder>
            <logicalFolder name="CMakeTmp" displayName="CMakeTmp" projectFiles="true">
            </logicalFolder>
            <logicalFolder name="Statemachines_X.dir"
                           displayName="Statemachines_X.dir"
                           projectFiles="true">
            </logicalFolder>
            <itemPath>../Statemachines.X/cmake-build-debug/CMakeFiles/feature_tests.c</itemPath>
          </logicalFolder>
        </logicalFolder>
        <logicalFolder name="debug" displayName="debug" projectFiles="true">
          <logicalFolder name="default" displayName="default" projectFiles="true">
          </logicalFolder>
        </logicalFolder>
        <logicalFolder name="dist" displayName="dist" projectFiles="true">
          <logicalFolder name="default" displayName="default" projectFiles="true">
            <logicalFolder name="production" displayName="production" projectFiles="true">
            </logicalFolder>
          </logicalFolder>
        </logicalFolder>
        <itemPath>../Statemachines.X/statemachine_airquality_control.c</itemPath>
        <itemPath>../Statemachines.X/statemachine_airtemp_control.c</itemPath>
        <itemPath>../Statemachines.X/statemachine_watertemp_control.c</itemPath>
        <itemPath>../Statemachines.X/statemachine_light_control.c</itemPath>
      </logicalFolder>
      <logicalFolder name="Timer_Clock.X"
                     displayName="Timer_Clock.X"
                     projectFiles="true">
        <logicalFolder name="debug" displayName="debug" projectFiles="true">
          <logicalFolder name="default" displayName="default" projectFiles="true">
          </logicalFolder>
        </logicalFolder>
        <logicalFolder name="dist" displayName="dist" projectFiles="true">
          <logicalFolder name="default" displayName="default" projectFiles="true">
            <logicalFolder name="production" displayName="production" projectFiles="true">
            </logicalFolder>
          </logicalFolder>
        </logicalFolder>
        <itemPath>../Timer_Clock.X/hallClock.c</itemPath>
        <itemPath>../Timer_Clock.X/timer_libs.c</itemPath>
      </logicalFolder>
      <itemPath>../CKCommon/UART/uart.c</itemPath>
      <itemPath>main.c</itemPath>
    </logicalFolder>
    <logicalFolder name="ExternalFiles"
                   displayName="Important Files"
                   projectFiles="false">
      <itemPath>Makefile</itemPath>
    </logicalFolder>
  </logicalFolder>
  <sourceRootList>
    <Elem>../Log_Handling.X</Elem>
    <Elem>../Communication.X</Elem>
    <Elem>../Statemachines.X</Elem>
    <Elem>../Timer_Clock.X</Elem>
    <Elem>../CKCommon/ConfigBits</Elem>
    <Elem>../CKCommon/UART</Elem>
    <Elem>../Sensor_Structure.X</Elem>
  </sourceRootList>
  <projectmakefile>Makefile</projectmakefile>
  <confs>
    <conf name="default" type="2">
      <toolsSet>
        <developmentServer>localhost</developmentServer>
        <targetDevice>PIC32MX795F512L</targetDevice>
        <targetHeader></targetHeader>
        <targetPluginBoard></targetPluginBoard>
        <platformTool>ICD3PlatformTool</platformTool>
        <languageToolchain>XC32</languageToolchain>
        <languageToolchainVersion>1.44</languageToolchainVersion>
        <platform>2</platform>
      </toolsSet>
      <compileType>
        <linkerTool>
          <linkerLibItems>
          </linkerLibItems>
        </linkerTool>
        <archiverTool>
        </archiverTool>
        <loading>
          <useAlternateLoadableFile>false</useAlternateLoadableFile>
          <parseOnProdLoad>false</parseOnProdLoad>
          <alternateLoadableFile></alternateLoadableFile>
        </loading>
        <subordinates>
        </subordinates>
      </compileType>
      <makeCustomizationType>
        <makeCustomizationPreStepEnabled>false</makeCustomizationPreStepEnabled>
        <makeCustomizationPreStep></makeCustomizationPreStep>
        <makeCustomizationPostStepEnabled>false</makeCustomizationPostStepEnabled>
        <makeCustomizationPostStep></makeCustomizationPostStep>
        <makeCustomizationPutChecksumInUserID>false</makeCustomizationPutChecksumInUserID>
        <makeCustomizationEnableLongLines>false</makeCustomizationEnableLongLines>
        <makeCustomizationNormalizeHexFile>false</makeCustomizationNormalizeHexFile>
      </makeCustomizationType>
      <C32>
        <property key="additional-warnings" value="false"/>
        <property key="addresss-attribute-use" value="false"/>
        <property key="enable-app-io" value="false"/>
        <property key="enable-omit-frame-pointer" value="false"/>
        <property key="enable-symbols" value="true"/>
        <property key="enable-unroll-loops" value="false"/>
        <property key="exclude-floating-point" value="false"/>
        <property key="extra-include-directories" value=""/>
        <property key="generate-16-bit-code" value="false"/>
        <property key="generate-micro-compressed-code" value="false"/>
        <property key="isolate-each-function" value="false"/>
        <property key="make-warnings-into-errors" value="false"/>
        <property key="optimization-level" value=""/>
        <property key="place-data-into-section" value="false"/>
        <property key="post-instruction-scheduling" value="default"/>
        <property key="pre-instruction-scheduling" value="default"/>
        <property key="preprocessor-macros" value=""/>
        <property key="strict-ansi" value="false"/>
        <property key="support-ansi" value="false"/>
        <property key="toplevel-reordering" value=""/>
        <property key="unaligned-access" value=""/>
        <property key="use-cci" value="false"/>
        <property key="use-iar" value="false"/>
        <property key="use-indirect-calls" value="false"/>
      </C32>
      <C32-AR>
        <property key="additional-options-chop-files" value="false"/>
      </C32-AR>
      <C32-AS>
        <property key="assembler-symbols" value=""/>
        <property key="enable-symbols" value="true"/>
        <property key="exclude-floating-point-library" value="false"/>
        <property key="expand-macros" value="false"/>
        <property key="extra-include-directories-for-assembler" value=""/>
        <property key="extra-include-directories-for-preprocessor" value=""/>
        <property key="false-conditionals" value="false"/>
        <property key="generate-16-bit-code" value="false"/>
        <property key="generate-micro-compressed-code" value="false"/>
        <property key="keep-locals" value="false"/>
        <property key="list-assembly" value="false"/>
        <property key="list-source" value="false"/>
        <property key="list-symbols" value="false"/>
        <property key="oXC32asm-list-to-file" value="false"/>
        <property key="omit-debug-dirs" value="false"/>
        <property key="omit-forms" value="false"/>
        <property key="preprocessor-macros" value=""/>
        <property key="warning-level" value=""/>
      </C32-AS>
      <C32-LD>
        <property key="additional-options-use-response-files" value="false"/>
        <property key="allocate-dinit" value="false"/>
        <property key="code-dinit" value="false"/>
        <property key="ebase-addr" value=""/>
        <property key="enable-check-sections" value="false"/>
        <property key="exclude-floating-point-library" value="false"/>
        <property key="exclude-standard-libraries" value="false"/>
        <property key="extra-lib-directories" value=""/>
        <property key="fill-flash-options-addr" value=""/>
        <property key="fill-flash-options-const" value=""/>
        <property key="fill-flash-options-how" value="0"/>
        <property key="fill-flash-options-inc-const" value="1"/>
        <property key="fill-flash-options-increment" value=""/>
        <property key="fill-flash-options-seq" value=""/>
        <property key="fill-flash-options-what" value="0"/>
        <property key="generate-16-bit-code" value="false"/>
        <property key="generate-cross-reference-file" value="false"/>
        <property key="generate-micro-compressed-code" value="false"/>
        <property key="heap-size" value="1024"/>
        <property key="input-libraries" value=""/>
        <property key="kseg-length" value=""/>
        <property key="kseg-origin" value=""/>
        <property key="linker-symbols" value=""/>
        <property key="map-file" value="${DISTDIR}/${PROJECTNAME}.${IMAGE_TYPE}.map"/>
        <property key="no-device-startup-code" value="false"/>
        <property key="no-startup-files" value="false"/>
        <property key="oXC32ld-extra-opts" value=""/>
        <property key="optimization-level" value=""/>
        <property key="preprocessor-macros" value=""/>
        <property key="remove-unused-sections" value="false"/>
        <property key="report-memory-usage" value="false"/>
        <property key="serial-length" value=""/>
        <property key="serial-origin" value=""/>
        <property key="stack-size" value=""/>
        <property key="symbol-stripping" value=""/>
        <property key="trace-symbols" value=""/>
        <property key="warn-section-align" value="false"/>
      </C32-LD>
      <C32CPP>
        <property key="additional-warnings" value="false"/>
        <property key="addresss-attribute-use" value="false"/>
        <property key="check-new" value="false"/>
        <property key="eh-specs" value="true"/>
        <property key="enable-app-io" value="false"/>
        <property key="enable-omit-frame-pointer" value="false"/>
        <property key="enable-symbols" value="true"/>
        <property key="enable-unroll-loops" value="false"/>
        <property key="exceptions" value="true"/>
        <property key="exclude-floating-point" value="false"/>
        <property key="extra-include-directories" value=""/>
        <property key="generate-16-bit-code" value="false"/>
        <property key="generate-micro-compressed-code" value="false"/>
        <property key="isolate-each-function" value="false"/>
        <property key="make-warnings-into-errors" value="false"/>
        <property key="optimization-level" value=""/>
        <property key="place-data-into-section" value="false"/>
        <property key="post-instruction-scheduling" value="default"/>
        <property key="pre-instruction-scheduling" value="default"/>
        <property key="preprocessor-macros" value=""/>
        <property key="rtti" value="true"/>
        <property key="strict-ansi" value="false"/>
        <property key="toplevel-reordering" value=""/>
        <property key="unaligned-access" value=""/>
        <property key="use-cci" value="false"/>
        <property key="use-iar" value="false"/>
        <property key="use-indirect-calls" value="false"/>
      </C32CPP>
      <C32Global>
        <property key="common-include-directories" value=""/>
        <property key="gp-relative-option" value=""/>
        <property key="legacy-libc" value="true"/>
        <property key="mdtcm" value=""/>
        <property key="mitcm" value=""/>
        <property key="mstacktcm" value="false"/>
        <property key="relaxed-math" value="false"/>
        <property key="save-temps" value="false"/>
        <property key="wpo-lto" value="false"/>
      </C32Global>
      <ICD3PlatformTool>
        <property key="ADC 1" value="true"/>
        <property key="AutoSelectMemRanges" value="auto"/>
        <property key="CAN1" value="true"/>
        <property key="CAN2" value="true"/>
        <property key="CHANGE NOTICE" value="true"/>
        <property key="COMPARATOR" value="true"/>
        <property key="DMA" value="true"/>
        <property key="ETHERNET CONTROLLER" value="true"/>
        <property key="Freeze All Other Peripherals" value="true"/>
        <property key="I2C1" value="true"/>
        <property key="I2C2" value="true"/>
        <property key="I2C3" value="true"/>
        <property key="I2C4" value="true"/>
        <property key="I2C5" value="true"/>
        <property key="INPUT CAPTURE 1" value="true"/>
        <property key="INPUT CAPTURE 2" value="true"/>
        <property key="INPUT CAPTURE 3" value="true"/>
        <property key="INPUT CAPTURE 4" value="true"/>
        <property key="INPUT CAPTURE 5" value="true"/>
        <property key="INTERRUPT CONTROL" value="true"/>
        <property key="OUTPUT COMPARE 1" value="true"/>
        <property key="OUTPUT COMPARE 2" value="true"/>
        <property key="OUTPUT COMPARE 3" value="true"/>
        <property key="OUTPUT COMPARE 4" value="true"/>
        <property key="OUTPUT COMPARE 5" value="true"/>
        <property key="PARALLEL MASTER/SLAVE PORT" value="true"/>
        <property key="REAL TIME CLOCK" value="true"/>
        <property key="SPI 1" value="true"/>
        <property key="SPI 2" value="true"/>
        <property key="SPI 3" value="true"/>
        <property key="SPI 4" value="true"/>
        <property key="SecureSegment.SegmentProgramming" value="FullChipProgramming"/>
        <property key="TIMER1" value="true"/>
        <property key="TIMER2" value="true"/>
        <property key="TIMER3" value="true"/>
        <property key="TIMER4" value="true"/>
        <property key="TIMER5" value="true"/>
        <property key="ToolFirmwareFilePath"
                  value="Press to browse for a specific firmware version"/>
        <property key="ToolFirmwareOption.UseLatestFirmware" value="true"/>
        <property key="UART1" value="true"/>
        <property key="UART2" value="true"/>
        <property key="UART3" value="true"/>
        <property key="UART4" value="true"/>
        <property key="UART5" value="true"/>
        <property key="UART6" value="true"/>
        <property key="USB" value="true"/>
        <property key="debugoptions.useswbreakpoints" value="false"/>
        <property key="hwtoolclock.frcindebug" value="false"/>
        <property key="memories.aux" value="false"/>
        <property key="memories.bootflash" value="false"/>
        <property key="memories.configurationmemory" value="true"/>
        <property key="memories.configurationmemory2" value="true"/>
        <property key="memories.dataflash" value="true"/>
        <property key="memories.eeprom" value="true"/>
        <property key="memories.flashdata" value="true"/>
        <property key="memories.id" value="true"/>
        <property key="memories.instruction.ram" value="true"/>
        <property key="memories.instruction.ram.ranges"
                  value="${memories.instruction.ram.ranges}"/>
        <property key="memories.programmemory" value="true"/>
        <property key="memories.programmemory.ranges" value="1d000000-1d07ffff"/>
        <property key="poweroptions.powerenable" value="false"/>
        <property key="programoptions.donoteraseauxmem" value="false"/>
        <property key="programoptions.eraseb4program" value="true"/>
        <property key="programoptions.preservedataflash" value="false"/>
        <property key="programoptions.preservedataflash.ranges" value=""/>
        <property key="programoptions.preserveeeprom" value="false"/>
        <property key="programoptions.preserveeeprom.ranges" value=""/>
        <property key="programoptions.preserveprogram.ranges" value=""/>
        <property key="programoptions.preserveprogramrange" value="false"/>
        <property key="programoptions.preserveuserid" value="false"/>
        <property key="programoptions.programcalmem" value="false"/>
        <property key="programoptions.programuserotp" value="false"/>
        <property key="programoptions.testmodeentrymethod" value="VDDFirst"/>
        <property key="programoptions.usehighvoltageonmclr" value="false"/>
        <property key="programoptions.uselvpprogramming" value="false"/>
        <property key="voltagevalue" value="3.25"/>
      </ICD3PlatformTool>
    </conf>
  </confs>
</configurationDescriptor>
